店舗名,都道府県,エリア,住所,電話番号,公式サイト,ツリスポURL
イシグロ 半田店,愛知県,知多半島,愛知県半田市有楽町6丁目191-4,0569-26-1496,https://www.ishiguro-gr.com/stores/detail.php?id=16,https://tsurispot.com/shops/ishiguro-handa
イシグロ 西尾店,愛知県,西三河,愛知県西尾市山下町東八幡山35-2,0563-55-3496,https://www.ishiguro-gr.com/stores/detail.php?id=40,https://tsurispot.com/shops/ishiguro-nishio
イシグロ 中川かの里店,愛知県,名古屋,愛知県名古屋市中川区かの里1丁目2601番地,052-304-1496,https://www.ishiguro-gr.com/stores/detail.php?id=41,https://tsurispot.com/shops/ishiguro-nakagawa-kanosato
イシグロ 豊橋向山店,愛知県,東三河,愛知県豊橋市向山町伝馬9-1,0532-69-1490,https://www.ishiguro-gr.com/stores/detail.php?id=29,https://tsurispot.com/shops/ishiguro-toyohashi-mukaiyama
フィッシングいとう 新舞子店,愛知県,知多半島西岸,愛知県知多市新舞子東町2-1-6,0569-43-6211,https://f-ito.co.jp/,https://tsurispot.com/shops/fishing-ito-shinmaiko
イシグロ 鳴海店,愛知県,名古屋南部,愛知県名古屋市緑区鳴海町字山下52-1,052-895-7666,https://www.ishiguro-gr.com/stores/detail.php?id=37,https://tsurispot.com/shops/ishiguro-narumi
イシグロ 名東引山店,愛知県,名古屋東部,愛知県名古屋市名東区神月町503,052-777-1496,https://www.ishiguro-gr.com/stores/detail.php?id=39,https://tsurispot.com/shops/ishiguro-meito-hikiyama
釣り具のマルハン 本店,愛知県,名古屋港周辺,愛知県名古屋市南区元塩町2丁目13-3,052-612-1631,http://maruhan.net/shop-honten/,https://tsurispot.com/shops/maruhan-honten-nagoya
フィッシング遊 名古屋南店,愛知県,名古屋南部,愛知県名古屋市南区戸部下1丁目2-6,052-698-1301,https://fishing-you.com/shops/nagoya-minami,https://tsurispot.com/shops/fishing-you-nagoya-minami
フィッシング遊 名古屋北店,愛知県,名古屋北部,愛知県名古屋市北区大我麻町75-1,052-909-2870,https://fishing-you.com/shops/nagoya-kita,https://tsurispot.com/shops/fishing-you-nagoya-kita
かめや釣具 名古屋みなと店,愛知県,名古屋港,愛知県名古屋市港区築盛町19,052-661-9141,https://kameya-fishing.com/,https://tsurispot.com/shops/kameya-nagoya-minato
イシグロ 豊田店,愛知県,豊田,愛知県豊田市上挙母3丁目52番地,0565-71-1496,https://www.ishiguro-gr.com/stores/,https://tsurispot.com/shops/ishiguro-toyota
上州屋 豊橋小向店,愛知県,豊橋,愛知県豊橋市小向町北小向128,0532-33-0707,https://www.johshuya.co.jp/,https://tsurispot.com/shops/joshuya-toyohashi-komukai
フィッシング遊 岡崎店,愛知県,岡崎,愛知県岡崎市野畑町北浦68-3 ルビットパーク岡崎内,0564-84-5541,https://fishing-you.com/shops/okazaki,https://tsurispot.com/shops/fishing-you-okazaki
フィッシング遊 豊橋店,愛知県,豊橋,愛知県豊橋市つつじが丘2-1-3,0532-69-1331,https://fishing-you.com/shops/toyohashi,https://tsurispot.com/shops/fishing-you-toyohashi
イシグロ 岡崎大樹寺店,愛知県,岡崎,愛知県岡崎市大樹寺3丁目2-5,0564-25-1496,https://www.ishiguro-gr.com/stores/,https://tsurispot.com/shops/ishiguro-okazaki-daijuji
釣具のフレンド 松山本店,愛媛県,松山,愛媛県松山市保免西4-7-24,089-974-4164,https://www.fishing-friend.com/,https://tsurispot.com/shops/friend-matsuyama-honten
釣具のフレンド 今治鳥生店,愛媛県,今治,愛媛県今治市喜田村2-3-24,0898-35-3530,https://www.fishing-friend.com/,https://tsurispot.com/shops/friend-imabari-toriu
菊池つり具店,愛媛県,八幡浜,愛媛県八幡浜市昭和通1564-2,0894-22-0099,https://www.kikuchitsurigu-yawatahama.com/,https://tsurispot.com/shops/kikuchi-tsurigu-yawatahama
釣具のフレンド 新居浜店,愛媛県,新居浜,愛媛県新居浜市前田町8-8,0897-33-6330,https://www.fishing-friend.com/,https://tsurispot.com/shops/friend-niihama
釣具のフレンド 松前店,愛媛県,松前,愛媛県伊予郡松前町大字東古泉1-1,089-985-3380,https://www.fishing-friend.com/,https://tsurispot.com/shops/friend-masaki
かめや釣具 松山中央店,愛媛県,松山,愛媛県松山市枝松5丁目7-10,089-933-1191,https://kameya-fishing.com/,https://tsurispot.com/shops/kameya-matsuyama-chuo
かめや釣具 宇和島店,愛媛県,宇和島,宇和島市朝日町1-6-28,0895-22-1191,https://kameya-fishing.com/,https://tsurispot.com/shops/kameya-uwajima
釣具のポイント 松山久米店,愛媛県,松山,愛媛県松山市久米窪田町1185-1,089-970-2041,https://www.point-i.jp/,https://tsurispot.com/shops/point-matsuyama-kume
安藤釣具店,茨城県,大洗,茨城県東茨城郡大洗町磯浜町68,090-6194-5777,https://andofishing.jimdofree.com/,https://tsurispot.com/shops/ando-tsurigu-oarai
うみえさ本舗 釣侍 大洗店,茨城県,大洗,茨城県水戸市大串町4096-1,029-240-5559,http://www.turizamurai.com/,https://tsurispot.com/shops/tsurizamurai-oarai
上州屋 勝田店,茨城県,ひたちなか,茨城県ひたちなか市東石川2762-3,029-276-8870,https://www.johshuya.co.jp/,https://tsurispot.com/shops/joshuya-katsuta
上州屋 日立店,茨城県,日立,茨城県日立市金沢町2-1-22,0294-53-2444,https://www.johshuya.co.jp/,https://tsurispot.com/shops/joshuya-hitachi
キャスティング つくば店,茨城県,つくば市,茨城県つくば市学園南3-16-5,029-860-1130,https://castingnet.jp/,https://tsurispot.com/shops/casting-tsukuba
上州屋 水戸店,茨城県,水戸市,茨城県水戸市笠原町1250,029-244-2001,https://www.johshuya.co.jp/,https://tsurispot.com/shops/joshuya-mito
上州屋 牛久店,茨城県,牛久市,茨城県牛久市上柏田4-19-8,029-872-4827,https://www.johshuya.co.jp/,https://tsurispot.com/shops/joshuya-ushiku
金太郎釣具 土浦店,茨城県,土浦市,茨城県土浦市荒川沖4-47,029-843-0040,https://www.kintarou-turigu.com/,https://tsurispot.com/shops/kintaro-tsurigu-tsuchiura
金丸釣具店,茨城県,大洗,茨城県東茨城郡大洗町磯浜町333,029-267-5804,https://kanemarutsuriguten.com/,https://tsurispot.com/shops/kanamaru-tsurigu-oarai
上州屋 神栖店,茨城県,神栖市,茨城県神栖市大野原4-6-54,0299-92-3881,https://www.johshuya.co.jp/,https://tsurispot.com/shops/joshuya-kamisu
かめや釣具 岡山妹尾店,岡山県,岡山市,岡山県岡山市南区妹尾2283-2,086-281-1191,https://kameya-fishing.com/,https://tsurispot.com/shops/kameya-okayama-senoo
つり具のわたなべ 平井店,岡山県,岡山市,岡山県岡山市中区平井3-1082-1,086-272-6655,https://tsurigu-watanabe.jp/,https://tsurispot.com/shops/watanabe-tsurigu-hirai
釣具のポイント 岡山西バイパス店,岡山県,岡山市,岡山県岡山市北区今保117-1,086-241-9851,https://www.point-i.jp/shops/1375,https://tsurispot.com/shops/point-okayama-nishi-bypass
レジャックス 岡山店,岡山県,岡山市,岡山県岡山市南区新保1128-1,086-230-2727,https://www.anglers.co.jp/,https://tsurispot.com/shops/legrax-okayama
かめや釣具 倉敷店,岡山県,倉敷,倉敷市笹沖1124-1,086-422-1191,https://kameya-fishing.com/,https://tsurispot.com/shops/kameya-kurashiki
釣具のタイム 玉島店,岡山県,倉敷・玉島,岡山県倉敷市玉島中央町2-2-25,086-522-5578,https://f-time.jp/,https://tsurispot.com/shops/time-tamashima
シーランド 那覇店,沖縄県,那覇,沖縄県那覇市港町2-9-4,098-860-1277,https://www.sealand.jp/,https://tsurispot.com/shops/sealand-naha
シーランド 名護店,沖縄県,名護,沖縄県名護市宮里871-3,0980-54-4075,https://www.sealand.jp/,https://tsurispot.com/shops/sealand-nago
シーランド 北谷店,沖縄県,北谷,沖縄県中頭郡北谷町美浜2-1-1,098-936-1116,https://www.sealand.jp/,https://tsurispot.com/shops/sealand-chatan
シーランド 南風原店,沖縄県,南風原,沖縄県島尻郡南風原町兼城200,098-889-4870,https://www.sealand.jp/,https://tsurispot.com/shops/sealand-haebaru
タックルベリー 沖縄浦添58号店,沖縄県,浦添,沖縄県浦添市宮城3-7-5,098-879-1560,https://www.tackleberry.co.jp/,https://tsurispot.com/shops/tackleberry-urasoe-58
シーランド 宜野湾店,沖縄県,宜野湾,沖縄県宜野湾市真志喜2-2-1,098-898-5556,https://www.sealand.jp/,https://tsurispot.com/shops/sealand-ginowan
中村つりぐ店,沖縄県,石垣島,沖縄県石垣市美崎町3,0980-82-3520,https://www.nakamura-tsurigu.com/,https://tsurispot.com/shops/nakamura-tsurigu-ishigaki
上州屋 盛岡店,岩手県,盛岡,岩手県盛岡市本宮7丁目1-1,019-635-1351,https://www.johshuya.co.jp/,https://tsurispot.com/shops/joshuya-morioka
佐々木釣具店,岩手県,宮古,岩手県宮古市神林9-1,0193-62-3527,https://zekkouchou.com/heishinmaru/,https://tsurispot.com/shops/sasaki-tsurigu-miyako
上州屋 北上店,岩手県,北上,岩手県北上市大通り4-4-22,0197-65-0355,https://www.johshuya.co.jp/,https://tsurispot.com/shops/joshuya-kitakami
上州屋 一関店,岩手県,一関,岩手県一関市山目大槻109-6,0191-21-0020,https://www.johshuya.co.jp/shop/top.php?s=169,https://tsurispot.com/shops/joshuya-ichinoseki
上州屋 水沢店,岩手県,奥州,岩手県奥州市水沢佐倉河字東広町29,0197-23-8061,https://www.johshuya.co.jp/,https://tsurispot.com/shops/joshuya-mizusawa
上州屋 岐阜茜部店,岐阜県,岐阜市,岐阜県岐阜市茜部新所2-53,058-275-2555,https://www.johshuya.co.jp/,https://tsurispot.com/shops/joshuya-gifu-akanebe
イシグロ 岐阜店,岐阜県,岐阜市,岐阜県岐阜市芋島4丁目2-11,058-249-1496,https://www.ishiguro-gr.com/stores/detail.php?id=62,https://tsurispot.com/shops/ishiguro-gifu
めだか釣具店,岐阜県,郡上,岐阜県郡上市白鳥町向小駄良660-8,0575-82-3281,https://medaka.info/,https://tsurispot.com/shops/medaka-tsurigu-gujo
かめや釣具 岐阜店,岐阜県,岐阜市,岐阜県岐阜市則武西1-1-12,058-296-1191,https://kameya-fishing.com/,https://tsurispot.com/shops/kameya-gifu
かめや釣具 大垣店,岐阜県,大垣・西濃,岐阜県大垣市築捨町5-114,0584-88-1091,https://kameya-fishing.com/,https://tsurispot.com/shops/kameya-ogaki
つり具のブンブン 岐阜店,岐阜県,本巣・北方,岐阜県本巣市政田1607,058-260-7371,https://bunbun-fishing.com/store/gihu/,https://tsurispot.com/shops/bunbun-gifu
イシグロ 大垣店,岐阜県,大垣,岐阜県大垣市三塚町1100,0584-74-1496,https://www.ishiguro-gr.com/stores/,https://tsurispot.com/shops/ishiguro-ogaki
かめや釣具 宮崎店,宮崎県,宮崎市,宮崎県宮崎市南花ヶ島町285-1,0985-61-1191,https://kameya-fishing.com/,https://tsurispot.com/shops/kameya-miyazaki
釣具のポイント 宮崎恒久店,宮崎県,宮崎市,宮崎県宮崎市大字恒久4378-1,0985-54-1641,https://www.point-i.jp/shops/1228,https://tsurispot.com/shops/point-miyazaki-tsunehisa
かめや釣具 延岡店,宮崎県,延岡,宮崎県延岡市出北6-21-1,0982-29-1191,https://kameya-fishing.com/,https://tsurispot.com/shops/kameya-nobeoka
釣具のポイント 延岡店,宮崎県,延岡,宮崎県延岡市出北5-1-1,0982-33-3561,https://www.point-i.jp/shops/1243,https://tsurispot.com/shops/point-nobeoka
釣具のポイント 都城店,宮崎県,都城,宮崎県都城市中原町24-1,0986-24-0205,https://www.point-i.jp/shops/1218,https://tsurispot.com/shops/point-miyakonojo
かめや釣具 都城店,宮崎県,都城,宮崎県都城市上町8-10,0986-22-1191,https://kameya-fishing.com/,https://tsurispot.com/shops/kameya-miyakonojo
かめや釣具 日向店,宮崎県,日向,宮崎県日向市大字財光寺386-1,0982-54-1191,https://kameya-fishing.com/,https://tsurispot.com/shops/kameya-hyuga
かめや釣具 宮崎南店,宮崎県,宮崎市南部,宮崎県宮崎市大字恒久5670-1,0985-51-1191,https://kameya-fishing.com/,https://tsurispot.com/shops/kameya-miyazaki-minami
釣具のフタバ 都城店,宮崎県,都城,宮崎県都城市早鈴町2-7-1,0986-25-1191,https://kameya-fishing.com/,https://tsurispot.com/shops/futaba-miyakonojo
キャスティング 仙台南店,宮城県,仙台,宮城県仙台市太白区中田4-14-1,022-306-2320,https://castingnet.jp/shop/shop.php?s=45,https://tsurispot.com/shops/casting-sendai-minami
上州屋 新石巻店,宮城県,石巻,宮城県石巻市蛇田字下中埣1-18,0225-23-3049,https://www.johshuya.co.jp/shop/top.php?s=106,https://tsurispot.com/shops/joshuya-shin-ishinomaki
えびす屋釣具店,宮城県,塩釜・松島,宮城県塩竈市海岸通14-16,022-362-2220,http://ebisuya-turi.com/,https://tsurispot.com/shops/ebisuya-tsurigu-shiogama
上州屋 仙台泉店,宮城県,仙台・泉,宮城県仙台市泉区市名坂字原田100,022-772-3061,https://www.johshuya.co.jp/,https://tsurispot.com/shops/joshuya-sendai-izumi
キャスティング 仙台北店,宮城県,仙台,宮城県仙台市宮城野区小鶴新田3-3,022-232-3370,https://castingnet.jp/,https://tsurispot.com/shops/casting-sendai-kita
上州屋 仙台新港店,宮城県,仙台港,宮城県仙台市宮城野区中野字上小袋田48-1,022-259-3061,https://www.johshuya.co.jp/,https://tsurispot.com/shops/joshuya-sendai-shinko
フィッシングナカジマ,京都府,宮津・天橋立,京都府宮津市字須津67-1,0772-46-2077,https://fishingnakajima.com/,https://tsurispot.com/shops/fishing-nakajima
上州屋 京都伏見店,京都府,京都市,京都府京都市伏見区竹田中川原町68,075-612-5581,https://www.johshuya.co.jp/,https://tsurispot.com/shops/joshuya-kyoto-fushimi
山本釣具センター 本店,熊本県,熊本市,熊本県熊本市中央区本荘町631-1,096-371-2850,https://www.yamatsuri.net/,https://tsurispot.com/shops/yamamoto-tsurigu-honten
山本釣具センター 大矢野店,熊本県,天草,熊本県上天草市大矢野町中7365-3,0964-56-5535,https://www.yamatsuri.net/,https://tsurispot.com/shops/yamamoto-tsurigu-oyano
釣具のキャスティング 天草店,熊本県,天草,熊本県天草市亀場町亀川74-1,0969-24-0081,https://castingnet.jp/,https://tsurispot.com/shops/casting-amakusa
釣具のポイント 熊本富合店,熊本県,熊本市,熊本県熊本市南区富合町大町71-1,096-357-0851,https://www.point-i.jp/shops/1249,https://tsurispot.com/shops/point-kumamoto-tomiai
釣具のポイント 熊本インター店,熊本県,熊本市,熊本県熊本市東区神園1-3-12,096-365-1651,https://www.point-i.jp/shops/1256,https://tsurispot.com/shops/point-kumamoto-inter
山本釣具センター 八代店,熊本県,八代,熊本県八代市長田町3311-1,0965-37-1030,https://www.yamatsuri.net/,https://tsurispot.com/shops/yamamoto-tsurigu-yatsushiro
山本釣具センター 熊本本店,熊本県,熊本市,熊本県熊本市中央区水前寺6-41-5,096-383-6111,https://www.point-i.jp/,https://tsurispot.com/shops/yamamoto-tsurigu-kumamoto-honten
かめや釣具 熊本店,熊本県,熊本市,熊本県熊本市東区御領2-21-3,096-380-1191,https://kameya-fishing.com/,https://tsurispot.com/shops/kameya-kumamoto
上州屋 高崎店,群馬県,高崎,群馬県高崎市貝沢町1319-1,027-364-0675,https://www.johshuya.co.jp/,https://tsurispot.com/shops/joshuya-takasaki
上州屋 前橋店,群馬県,前橋,群馬県前橋市三俣町1-43-10,027-221-9731,https://www.johshuya.co.jp/,https://tsurispot.com/shops/joshuya-maebashi
上州屋 新太田店,群馬県,太田市,群馬県太田市西矢島町622-1,0276-45-4130,https://www.johshuya.co.jp/,https://tsurispot.com/shops/joshuya-shin-ota
プロショップオオツカ 伊勢崎店,群馬県,伊勢崎市,群馬県伊勢崎市連取町3093-45,0270-40-5871,https://www.fishing-otsuka.co.jp/,https://tsurispot.com/shops/proshop-otsuka-isesaki
タックルベリー 群馬太田店,群馬県,太田市,群馬県太田市新道町50-1,0276-33-7076,https://www.tackleberry.co.jp/,https://tsurispot.com/shops/tackleberry-gunma-ota
上州屋 伊勢崎店,群馬県,伊勢崎市,群馬県伊勢崎市宮子町3635-14,0270-21-3308,https://www.johshuya.co.jp/,https://tsurispot.com/shops/joshuya-isesaki
アングル 五日市店,広島県,広島市,広島県広島市佐伯区海老園1-1-21,082-921-3516,https://www.e-angle.co.jp/,https://tsurispot.com/shops/angle-itsukaichi
アングル 小屋浦店,広島県,呉・坂,広島県安芸郡坂町小屋浦1-8-8,082-886-0077,https://www.e-angle.co.jp/shoplocation/a_koyaura/,https://tsurispot.com/shops/angle-koyaura
釣具のタイム 福山本店,広島県,福山,広島県福山市新涯町2-24-2,084-954-0720,https://f-time.jp/,https://tsurispot.com/shops/time-fukuyama-honten
かめや釣具 呉店,広島県,呉,広島県呉市阿賀中央5-1-1,0823-76-0888,https://kameya-fishing.com/,https://tsurispot.com/shops/kameya-kure
釣具のポイント 呉警固屋店,広島県,呉,広島県呉市警固屋4-9-25,0823-28-0801,https://www.point-i.jp/,https://tsurispot.com/shops/point-kure-kegoya
かめや釣具 尾道店,広島県,尾道,広島県尾道市高須町4789-1,0848-46-1191,https://kameya-fishing.com/,https://tsurispot.com/shops/kameya-onomichi
かめや釣具 東広島店,広島県,東広島,広島県東広島市西条町寺家6594-1,082-422-1191,https://kameya-fishing.com/,https://tsurispot.com/shops/kameya-higashihiroshima
かめや釣具 商工センター店,広島県,広島市,広島県広島市西区商工センター4-12-38,082-278-1191,https://kameya-fishing.com/,https://tsurispot.com/shops/kameya-shoko-center
釣具のポイント 広島八木店,広島県,広島市北部,広島県広島市安佐南区八木2丁目18-15,082-873-6041,https://www.point-i.jp/,https://tsurispot.com/shops/point-hiroshima-yagi
アングル 竹原店,広島県,竹原,広島県竹原市下野町3243-5,0846-22-7123,https://www.e-angle.co.jp/,https://tsurispot.com/shops/angle-takehara
釣具のタイム 三原店,広島県,三原,広島県三原市宮浦6丁目3-1,0848-62-6820,https://f-time.jp/,https://tsurispot.com/shops/time-mihara
岸本釣具商会,香川県,高松,香川県高松市築地町3-17,087-851-3731,http://www.kishimoto-tsurigu.com/,https://tsurispot.com/shops/kishimoto-tsurigu-takamatsu
かめや釣具 高松東店,香川県,高松,香川県高松市林町2217-7,087-868-1191,https://kameya-fishing.com/,https://tsurispot.com/shops/kameya-takamatsu-higashi
釣具のポイント 高松東店,香川県,高松,香川県高松市春日町1604-3,087-844-4041,https://www.point-i.jp/,https://tsurispot.com/shops/point-takamatsu-higashi
かめや釣具 丸亀店,香川県,丸亀,香川県丸亀市田村町339-1,0877-58-1191,https://kameya-fishing.com/,https://tsurispot.com/shops/kameya-marugame
釣具のポイント 観音寺店,香川県,観音寺,香川県観音寺市植田町1960-1,0875-24-3041,https://www.point-i.jp/,https://tsurispot.com/shops/point-kanonji
釣具のポイント 坂出店,香川県,坂出,香川県坂出市加茂町120-1,0877-44-5041,https://www.point-i.jp/,https://tsurispot.com/shops/point-sakaide
つりぐの岡林 上町本店,高知県,高知市,高知県高知市上町4-3-1,088-823-0091,https://www.turigu.co.jp/,https://tsurispot.com/shops/okabayashi-kamimachi-honten
釣具のヤマト,高知県,高知市,高知県高知市菜園場町1-17,088-882-4222,https://www.turiguno8010.com/,https://tsurispot.com/shops/yamato-tsurigu-kochi
中村フィッシング,高知県,四万十,高知県四万十市古津賀4-116,0880-34-3720,https://www.n-fishing.co.jp/,https://tsurispot.com/shops/nakamura-fishing
まるなか釣具 須崎店,高知県,須崎,高知県須崎市原町1-7-15,0889-42-5570,https://www.nakajoh.co.jp/,https://tsurispot.com/shops/marunaka-tsurigu-susaki
フィッシングハヤシ,高知県,高知市,高知県高知市北久保3-1,088-884-0077,http://www.f-hayashi.com/,https://tsurispot.com/shops/fishing-hayashi-kochi
かめや釣具 高知店,高知県,高知市,高知県高知市北本町3丁目6-32,088-882-1191,https://kameya-fishing.com/,https://tsurispot.com/shops/kameya-kochi
つりぐの岡林 南国バイパス店,高知県,南国,高知県南国市大埇甲1261-1,088-864-0091,https://www.turigu.co.jp/,https://tsurispot.com/shops/okabayashi-nankoku-bypass
つり具のまるきん 伊万里本店,佐賀県,伊万里,佐賀県伊万里市二里町大里乙3番地24,0955-23-3518,https://marukin-net.co.jp/,https://tsurispot.com/shops/marukin-imari-honten
釣具のキャスティング 唐津店,佐賀県,唐津,佐賀県唐津市鏡4980,0955-77-3373,https://castingnet.jp/,https://tsurispot.com/shops/casting-karatsu
釣具のポイント 佐賀本庄店,佐賀県,佐賀市,佐賀県佐賀市本庄町袋297-1,0952-23-8801,https://www.point-i.jp/,https://tsurispot.com/shops/point-saga-honjo
釣具のポイント 佐賀店,佐賀県,佐賀市,佐賀県佐賀市八戸1丁目6-54,0952-24-3331,https://www.point-i.jp/shops/1274,https://tsurispot.com/shops/point-saga
釣具のポイント 鳥栖商工団地店,佐賀県,鳥栖,佐賀県鳥栖市藤木町若桜4-10 鳥栖商工団地内,0942-82-8261,https://www.point-i.jp/shops/1277,https://tsurispot.com/shops/point-tosu-shoko
つり具のまるきん 唐津バイパス店,佐賀県,唐津,佐賀県唐津市浜玉町横田下70,0955-70-5108,https://marukin-net.co.jp/,https://tsurispot.com/shops/marukin-karatsu-bypass
つり具のまるきん 佐賀北部バイパス店,佐賀県,佐賀市,佐賀県佐賀市開成6丁目12-35,0952-36-9888,https://marukin-net.co.jp/,https://tsurispot.com/shops/marukin-saga-hokubu
上州屋 浦和店,埼玉県,さいたま市南区,埼玉県さいたま市南区内谷1-3-7,048-866-2101,https://www.johshuya.co.jp/,https://tsurispot.com/shops/joshuya-urawa
上州屋 川越店,埼玉県,川越,埼玉県川越市大字山田字西町934-1,049-224-3508,https://www.johshuya.co.jp/,https://tsurispot.com/shops/joshuya-kawagoe
プロショップオオツカ 熊谷店,埼玉県,熊谷,埼玉県熊谷市大字新島字大天白北261-1,048-522-3466,https://www.bass.co.jp/,https://tsurispot.com/shops/proshop-otsuka-kumagaya
上州屋 春日部店,埼玉県,春日部,埼玉県春日部市増富885-1,048-763-1581,https://www.johshuya.co.jp/,https://tsurispot.com/shops/joshuya-kasukabe
上州屋 東川口店,埼玉県,川口,埼玉県川口市戸塚4-30-1,048-298-1306,https://www.johshuya.co.jp/,https://tsurispot.com/shops/joshuya-higashi-kawaguchi
タックルベリー さいたま埼大通り店,埼玉県,さいたま市桜区,埼玉県さいたま市桜区下大久保719-1,048-840-1030,https://www.tackleberry.co.jp/,https://tsurispot.com/shops/tackleberry-saitama-saidaidori
キャスティング 岩槻インター店,埼玉県,さいたま市岩槻区,埼玉県さいたま市岩槻区府内2-1-58,048-791-2155,https://castingnet.jp/,https://tsurispot.com/shops/casting-iwatsuki-inter
キャスティング 新大宮バイパス店,埼玉県,さいたま市西区,埼玉県さいたま市西区内野本郷378,048-621-2281,https://castingnet.jp/,https://tsurispot.com/shops/casting-shin-omiya-bypass
キャスティング 草加バイパス店,埼玉県,草加市,埼玉県草加市清門2-1-35,048-946-1046,https://castingnet.jp/,https://tsurispot.com/shops/casting-soka-bypass
キャスティング ふじみ野店,埼玉県,ふじみ野市,埼玉県ふじみ野市大井1-2-41,049-210-7044,https://castingnet.jp/,https://tsurispot.com/shops/casting-fujimino
キャスティング 戸田店,埼玉県,戸田市,埼玉県戸田市新曽2360-1,048-432-9923,https://castingnet.jp/,https://tsurispot.com/shops/casting-toda
キャスティング 朝霞店,埼玉県,朝霞市,埼玉県朝霞市膝折町2-13-61,048-468-8523,https://castingnet.jp/,https://tsurispot.com/shops/casting-asaka
キャスティング 東松山高坂店,埼玉県,東松山市,埼玉県東松山市あずま町3-1-2,0493-35-5665,https://castingnet.jp/,https://tsurispot.com/shops/casting-higashi-matsuyama-takasaka
つり具のブンブン 埼玉狭山店,埼玉県,狭山市,埼玉県狭山市下奥富505-1,04-2946-7631,https://bunbun-fishing.com/,https://tsurispot.com/shops/bunbun-saitama-sayama
タックルベリー さいたま越谷店,埼玉県,越谷市,埼玉県越谷市花田2-18-1,048-960-5000,https://www.tackleberry.co.jp/,https://tsurispot.com/shops/tackleberry-saitama-koshigaya
上州屋 草加店,埼玉県,草加市,埼玉県草加市旭町1-4-33,048-931-1130,https://www.johshuya.co.jp/,https://tsurispot.com/shops/joshuya-soka
フィッシング遊 四日市店,三重県,四日市・北勢,三重県四日市市新正2-8-19,059-351-4110,https://fishing-you.com/shops/yokkaichi,https://tsurispot.com/shops/fishing-you-yokkaichi
フィッシング遊 鈴鹿店,三重県,鈴鹿,三重県鈴鹿市白子3-17-26,059-380-6051,https://fishing-you.com/shops/suzuka,https://tsurispot.com/shops/fishing-you-suzuka
フィッシング遊 津店,三重県,津,三重県津市大字藤方597-3,059-225-0515,https://fishing-you.com/shops/tsu,https://tsurispot.com/shops/fishing-you-tsu
フィッシング遊 伊勢店,三重県,伊勢・志摩,三重県伊勢市小木町19,0596-31-0055,https://fishing-you.com/shops/ise,https://tsurispot.com/shops/fishing-you-ise
エサ市場えさきち 鳥羽本館,三重県,鳥羽,三重県鳥羽市堅神町855-1,0599-26-3305,https://www.esakichi.com/shop/tobahonkan.html,https://tsurispot.com/shops/esakichi-toba-honkan
エサ市場えさきち 尾鷲南館,三重県,尾鷲・東紀州,三重県尾鷲市大字南浦1980,0597-37-4183,https://www.esakichi.com/shop/owase.html,https://tsurispot.com/shops/esakichi-owase-minamikan
橋本釣具店,三重県,鳥羽,三重県鳥羽市鳥羽3丁目27-15,0599-26-3225,https://hashimototuriguten.com/,https://tsurispot.com/shops/hashimoto-tsurigu-toba
つりエサ市場 尾鷲店,三重県,尾鷲,三重県尾鷲市倉ノ谷町4-1087-17,0597-23-1089,https://esaichi.jp/,https://tsurispot.com/shops/tsuri-esa-ichiba-owase
フィッシング遊 松阪店,三重県,松阪,三重県松阪市大黒田町222-5,0598-23-4454,https://fishing-you.com/shops/matsusaka,https://tsurispot.com/shops/fishing-you-matsusaka
エサ市場えさきち 松阪店,三重県,松阪,三重県松阪市大津町695-1,0598-50-1220,https://www.esakichi.com/,https://tsurispot.com/shops/esakichi-matsusaka
フィッシング遊 伊勢二見店,三重県,伊勢・二見,三重県伊勢市二見町三津1201-2,0596-44-6888,https://fishing-you.com/,https://tsurispot.com/shops/fishing-you-ise-futami
上州屋 酒田店,山形県,酒田,秋田県酒田市下安町14-1,0234-21-0261,https://www.johshuya.co.jp/shop/top.php?s=81,https://tsurispot.com/shops/joshuya-sakata
釣具の館 酒田店,山形県,酒田,山形県酒田市富士見町1-2-3,0234-43-5188,http://turigunoyakatasakata.com/,https://tsurispot.com/shops/tsurigu-no-yakata-sakata
上州屋 鶴岡店,山形県,鶴岡,山形県鶴岡市道形町36-25,0235-24-0061,https://www.johshuya.co.jp/shop/top.php?s=149,https://tsurispot.com/shops/joshuya-tsuruoka
上州屋 山形店,山形県,山形市,山形県山形市大野目2-1-18,023-634-1361,https://www.johshuya.co.jp/,https://tsurispot.com/shops/joshuya-yamagata
上州屋 新庄店,山形県,新庄,山形県新庄市金沢1564-1,0233-22-8761,https://www.johshuya.co.jp/,https://tsurispot.com/shops/joshuya-shinjo
アングル 新下関店,山口県,下関,山口県下関市一の宮本町1-2-16,083-263-1380,https://www.e-angle.co.jp/shoplocation/s_shinshimonoseki/,https://tsurispot.com/shops/angle-shin-shimonoseki
CAST 山口店,山口県,山口市,山口県山口市大内矢田728-1,083-927-1091,https://www.cast1091.com/,https://tsurispot.com/shops/cast-yamaguchi
CAST 宇部店,山口県,宇部,宮城県宇部市明神町2-4-1,0836-21-1091,https://www.cast1091.com/,https://tsurispot.com/shops/cast-ube
アンフィ 山口店,山口県,山口市,山口県山口市大内矢田北5-7-3,083-941-0707,https://www.e-angle.co.jp/,https://tsurispot.com/shops/anfee-yamaguchi
かめや釣具 下関綾羅木店,山口県,下関,山口県下関市綾羅木本町2-6-1,083-252-1191,https://kameya-fishing.com/,https://tsurispot.com/shops/kameya-shimonoseki-ayaragi
アングル 周南店,山口県,周南,山口県周南市久米2945-1,0834-28-3515,https://www.e-angle.co.jp/,https://tsurispot.com/shops/angle-shunan
かめや釣具 宇部店,山口県,宇部,山口県宇部市明神町2-5-1,0836-34-1191,https://kameya-fishing.com/,https://tsurispot.com/shops/kameya-ube
キャスティング 甲府店,山梨県,甲府・昭和,山梨県中巨摩郡昭和町西条5191,055-268-5711,https://castingnet.jp/shop/shop.php?s=30,https://tsurispot.com/shops/casting-kofu
上州屋 甲府昭和店,山梨県,甲府・昭和,山梨県中巨摩郡昭和町清水新居1398,055-231-2556,https://www.johshuya.co.jp/shop/top.php?s=34,https://tsurispot.com/shops/joshuya-kofu-showa
上州屋 甲府店,山梨県,甲府市,山梨県甲府市上石田3-1-1,055-230-2556,https://www.johshuya.co.jp/shop/top.php?s=210,https://tsurispot.com/shops/joshuya-kofu
上州屋 大津店,滋賀県,大津市,滋賀県大津市松原町12-1,077-510-5581,https://www.johshuya.co.jp/,https://tsurispot.com/shops/joshuya-otsu
かめや釣具 鹿児島城南店,鹿児島県,鹿児島市,鹿児島県鹿児島市城南町7-21,099-223-1191,https://kameya-fishing.com/,https://tsurispot.com/shops/kameya-kagoshima-jonan
かめや釣具 鹿児島谷山店,鹿児島県,鹿児島市,鹿児島県鹿児島市卸本町8-25,099-267-1191,https://kameya-fishing.com/,https://tsurispot.com/shops/kameya-kagoshima-taniyama
別府釣具 鹿屋店,鹿児島県,鹿屋,鹿児島県鹿屋市寿5-8-30,0994-44-7770,https://www.beppu-fishing.co.jp/,https://tsurispot.com/shops/beppu-fishing-kanoya
釣具のポイント 鹿児島谷山店,鹿児島県,鹿児島市,鹿児島県鹿児島市卸本町5-38,099-267-0931,https://www.point-i.jp/shops/1200,https://tsurispot.com/shops/point-kagoshima-taniyama
リバティーオーシャン,鹿児島県,奄美大島,鹿児島県奄美市名瀬港町15-1,0997-53-0808,https://libertyocean.ocnk.me/,https://tsurispot.com/shops/liberty-ocean-amami
ことぶき釣具店,鹿児島県,奄美大島,鹿児島県奄美市名瀬大熊1394,0997-52-8939,https://kotobukimaru.net/,https://tsurispot.com/shops/kotobuki-tsurigu-amami
釣具のキャスティング 鹿屋店,鹿児島県,鹿屋,鹿児島県鹿屋市札元2-3753-1,0994-35-0023,https://castingnet.jp/,https://tsurispot.com/shops/casting-kanoya
かめや釣具 鹿児島吉野店,鹿児島県,鹿児島市北部,鹿児島県鹿児島市吉野町2290-1,099-244-1191,https://kameya-fishing.com/,https://tsurispot.com/shops/kameya-kagoshima-yoshino
かめや釣具 鹿児島店,鹿児島県,鹿児島市,鹿児島県鹿児島市東開町3-72,099-268-1191,https://kameya-fishing.com/,https://tsurispot.com/shops/kameya-kagoshima
釣具のポイント 霧島隼人店,鹿児島県,霧島,鹿児島県霧島市隼人町見次1222,0995-43-4041,https://www.point-i.jp/,https://tsurispot.com/shops/point-kirishima-hayato
上州屋 秋田店,秋田県,秋田市,秋田県秋田市茨島4丁目4-28,018-864-1361,https://www.johshuya.co.jp/,https://tsurispot.com/shops/joshuya-akita
斉藤釣具店,秋田県,男鹿,秋田県男鹿市北浦入道崎字昆布浦2-58,0185-33-2452,http://kazumaru.jp/,https://tsurispot.com/shops/saito-tsurigu-oga
上州屋 能代店,秋田県,能代,秋田県能代市字寺向59 アクロス能代内,0185-54-2568,https://www.johshuya.co.jp/shop/top.php?s=178,https://tsurispot.com/shops/joshuya-noshiro
上州屋 横手店,秋田県,横手,秋田県横手市条里2丁目8-11,0182-33-4615,https://www.johshuya.co.jp/,https://tsurispot.com/shops/joshuya-yokote
マンボーつり具店,秋田県,秋田市,秋田県秋田市山王2丁目1-43,018-862-4440,https://manboo-turi-shop.com/,https://tsurispot.com/shops/manboo-tsurigu-akita
上州屋 大曲店,秋田県,大仙,秋田県大仙市大曲船場町2-6-35,0187-63-6061,https://www.johshuya.co.jp/,https://tsurispot.com/shops/joshuya-omagari
フィッシャーズ 黒埼店,新潟県,新潟市,新潟県新潟市西区山田415番地,025-377-1001,https://www.fishers.co.jp/shopguide/shop_kurosaki.html,https://tsurispot.com/shops/fishers-kurosaki
フィッシャーズ 上越店,新潟県,上越,新潟県上越市春日新田5-4-13,0255-45-2228,https://www.fishers.co.jp/shopguide/shop_joetsu.html,https://tsurispot.com/shops/fishers-joetsu
上州屋 燕三条店,新潟県,燕三条・中越,新潟県燕市井土巻3-215,0256-64-5310,https://www.johshuya.co.jp/,https://tsurispot.com/shops/joshuya-tsubamesanjo
フィッシャーズ 竹尾IC店,新潟県,新潟市東部,新潟県新潟市東区はなみずき3-2-20,025-272-7170,https://www.fishers.co.jp/shopguide/shop_takeo.html,https://tsurispot.com/shops/fishers-takeo-ic
釣具の岸 東港町店,新潟県,柏崎,新潟県柏崎市東港町6-30,0257-21-1230,https://www.tsurigunokishi.co.jp/,https://tsurispot.com/shops/tsurigu-no-kishi-kashiwazaki
つり具のトミー 寺泊店,新潟県,寺泊・中越沿岸,新潟県長岡市寺泊片町9353-470,0258-75-2721,https://fishing-tommy.com/,https://tsurispot.com/shops/tsurigu-tommy-teradomari
ホシノ釣具店,新潟県,上越・直江津,新潟県上越市港町1丁目23-15,025-543-0067,http://www.hoshinotsurigu.com/,https://tsurispot.com/shops/hoshino-tsurigu-joetsu
フィッシャーズ 村上店,新潟県,村上・下越北部,新潟県村上市仲間町535-1,0254-50-1551,https://www.fishers.co.jp/shopguide/shop_murakami.html,https://tsurispot.com/shops/fishers-murakami
フィッシャーズ 長岡店,新潟県,長岡・中越,新潟県長岡市古正寺1-3071,0258-21-2700,https://www.fishers.co.jp/,https://tsurispot.com/shops/fishers-nagaoka
勇竿釣具店,神奈川県,川崎区,神奈川県川崎市川崎区観音1-19-4,044-299-0012,https://yuzao.jp/,https://tsurispot.com/shops/yuzao-kawasaki
シマヤ釣具 川崎本店,神奈川県,川崎区,神奈川県川崎市川崎区台町13-12,044-280-0261,https://www.shimayaturigu.jp/,https://tsurispot.com/shops/shimaya-kawasaki
キャスティング 横浜磯子店,神奈川県,横浜市磯子区,神奈川県横浜市磯子区森2-9-22,045-271-6897,https://castingnet.jp/,https://tsurispot.com/shops/casting-yokohama-isogo
キャスティング 鶴見駒岡店,神奈川県,横浜市鶴見区,神奈川県横浜市鶴見区駒岡2-16-48,045-584-7201,https://castingnet.jp/,https://tsurispot.com/shops/casting-tsurumi-komaoka
釣具のポイント 横浜港南台店,神奈川県,横浜市港南区,神奈川県横浜市港南区港南台2-24-8,045-831-9751,https://www.point-i.jp/,https://tsurispot.com/shops/point-yokohama-konandai
かめや釣具 平塚店,神奈川県,平塚,神奈川県平塚市東真土2-4-20,0463-54-9141,https://kameya-fishing.com/,https://tsurispot.com/shops/kameya-hiratsuka
上州屋 茅ヶ崎店,神奈川県,茅ヶ崎,神奈川県茅ヶ崎市茅ヶ崎1-2-66,0467-83-1257,https://www.johshuya.co.jp/,https://tsurispot.com/shops/joshuya-chigasaki
上州屋 小田原店,神奈川県,小田原,神奈川県小田原市飯泉544-1,0465-49-7201,https://www.johshuya.co.jp/,https://tsurispot.com/shops/joshuya-odawara
上州屋 藤沢店,神奈川県,藤沢,神奈川県藤沢市川名113,0466-28-6595,https://www.johshuya.co.jp/,https://tsurispot.com/shops/joshuya-fujisawa
上州屋 戸塚原宿店,神奈川県,横浜市戸塚区,神奈川県横浜市戸塚区原宿4-39-10,045-851-4723,https://www.johshuya.co.jp/,https://tsurispot.com/shops/joshuya-totsuka-harajuku
釣具のポイント 金沢文庫ユニオンセンター店,神奈川県,横浜市金沢区,神奈川県横浜市金沢区泥亀2-5-1-100 ユニオンセンター2F,045-786-0521,https://www.point-i.jp/,https://tsurispot.com/shops/point-kanazawabunko
上州屋 横浜南部市場店,神奈川県,横浜市金沢区,神奈川県横浜市金沢区鳥浜町1-1,,https://www.johshuya.co.jp/,https://tsurispot.com/shops/joshuya-yokohama-nanbu-ichiba
上州屋 厚木店,神奈川県,厚木市,神奈川県厚木市妻田北1-7-1,046-221-4612,https://www.johshuya.co.jp/,https://tsurispot.com/shops/joshuya-atsugi
キャスティング 川崎高津店,神奈川県,川崎市高津区,神奈川県川崎市高津区溝口6-14-1,044-850-3600,https://castingnet.jp/,https://tsurispot.com/shops/casting-kawasaki-takatsu
上州屋 キャンベル八戸店,青森県,八戸,青森県八戸市湊高台5-1-10,0178-35-3940,https://www.johshuya.co.jp/shop/top.php?s=88,https://tsurispot.com/shops/joshuya-campbell-hachinohe
川口釣具店,青森県,八戸,青森県八戸市小中野8丁目17-13,0178-22-6898,https://kawaguchitsuriguten.stores.jp/,https://tsurispot.com/shops/kawaguchi-tsurigu-hachinohe
上州屋 弘前店,青森県,弘前,青森県弘前市城東北4-2-5,0172-29-3555,https://www.johshuya.co.jp/shop/top.php?s=121,https://tsurispot.com/shops/joshuya-hirosaki
上州屋 青森店,青森県,青森市,青森県青森市浜田3丁目1-1,017-739-3061,https://www.johshuya.co.jp/,https://tsurispot.com/shops/joshuya-aomori
上州屋 むつ店,青森県,むつ,青森県むつ市小川町2丁目13-25,0175-22-3061,https://www.johshuya.co.jp/,https://tsurispot.com/shops/joshuya-mutsu
イシグロ 沼津店,静岡県,沼津・伊豆,静岡県沼津市沼北町1-17-20,055-927-1496,https://www.ishiguro-gr.com/stores/detail.php?id=36,https://tsurispot.com/shops/ishiguro-numazu
イシグロ 焼津店,静岡県,焼津・駿河湾,静岡県焼津市大覚寺3丁目16-8,054-621-7077,https://www.ishiguro-gr.com/stores/detail.php?id=34,https://tsurispot.com/shops/ishiguro-yaizu
上州屋 浜松店,静岡県,浜松・浜名湖,静岡県浜松市中央区上島6-2-25,053-473-1130,https://www.johshuya.co.jp/shop/top.php?s=86,https://tsurispot.com/shops/joshuya-hamamatsu
上州屋 新沼津店,静岡県,沼津,静岡県沼津市西沢田479 有賀園モール2F,055-925-1010,https://www.johshuya.co.jp/shop/top.php?s=77,https://tsurispot.com/shops/joshuya-shin-numazu
つり具のタイシ,静岡県,沼津港周辺,静岡県沼津市下香貫3145,055-932-8848,https://fishing-taishi.com/,https://tsurispot.com/shops/tsurigu-taishi-numazu
イシグロ 静岡中吉田店,静岡県,静岡市,静岡県静岡市駿河区中吉田18-8,054-267-1496,https://www.ishiguro-gr.com/stores/,https://tsurispot.com/shops/ishiguro-shizuoka-nakayoshida
イシグロ 掛川店,静岡県,掛川・遠州,静岡県掛川市大池2986-1,0537-23-8312,https://www.ishiguro-gr.com/stores/,https://tsurispot.com/shops/ishiguro-kakegawa
イシグロ 富士店,静岡県,富士市,静岡県富士市青葉町554,0545-63-5700,https://www.ishiguro-gr.com/stores/detail.php?id=27,https://tsurispot.com/shops/ishiguro-fuji
イシグロ 浜松高林店,静岡県,浜松,静岡県浜松市中央区高林4丁目8-13 2F,053-473-1496,https://www.ishiguro-gr.com/stores/detail.php?id=24,https://tsurispot.com/shops/ishiguro-hamamatsu-takabayashi
イシグロ 磐田店,静岡県,磐田・遠州,静岡県磐田市見付4558-3,0538-37-1496,https://www.ishiguro-gr.com/stores/,https://tsurispot.com/shops/ishiguro-iwata
イシグロ 藤枝店,静岡県,藤枝・志太,静岡県藤枝市青木3-14-1,054-645-1496,https://www.ishiguro-gr.com/stores/,https://tsurispot.com/shops/ishiguro-fujieda
上州屋 金沢金石店,石川県,金沢,石川県金沢市金石本町ロ-14-1,076-267-4130,https://www.johshuya.co.jp/shop/top.php?s=223,https://tsurispot.com/shops/joshuya-kanazawa-kanaiwa
上州屋 小松店,石川県,加賀・小松,石川県小松市園町ハ32-1,0761-23-2203,https://www.johshuya.co.jp/,https://tsurispot.com/shops/joshuya-komatsu
フィッシャーズ 金沢店,石川県,金沢,石川県金沢市入江3丁目30,076-291-7788,https://www.fishers.co.jp/,https://tsurispot.com/shops/fishers-kanazawa
上州屋 七尾店,石川県,七尾・能登,石川県七尾市国分町井部38-2,0767-52-1024,https://www.johshuya.co.jp/,https://tsurispot.com/shops/joshuya-nanao
フィッシャーズ 白山店,石川県,白山,石川県白山市横江町1500,076-274-8855,https://www.fishers.co.jp/,https://tsurispot.com/shops/fishers-hakusan
シマヤ釣具 木更津店,千葉県,木更津,千葉県木更津市ほたる野4-4-4,0438-30-5841,https://www.shimayaturigu.jp/,https://tsurispot.com/shops/shimaya-kisarazu
上州屋 木更津店,千葉県,木更津,千葉県木更津市太田3-11-1,0438-23-4130,https://www.johshuya.co.jp/,https://tsurispot.com/shops/joshuya-kisarazu
上州屋 市原店,千葉県,市原,千葉県市原市八幡海岸通り1967-11,0436-43-2275,https://www.johshuya.co.jp/,https://tsurispot.com/shops/joshuya-ichihara
太洋釣具餌センター,千葉県,館山,千葉県館山市館山95-63,0470-23-4089,https://taiyo-fishing.com/,https://tsurispot.com/shops/taiyo-tsurigu-tateyama
つり具ランド 館山店,千葉県,館山,千葉県館山市八幡623-16,0470-28-4758,https://trg-land.com/,https://tsurispot.com/shops/tsuriguland-tateyama
コスタフィッシングサービス,千葉県,勝浦,千葉県勝浦市松部1226-8,0470-73-7738,http://www.costa-fs.com/,https://tsurispot.com/shops/costa-fishing-katsuura
有限会社いわせ,千葉県,勝浦,千葉県勝浦市興津2610-2,0470-76-0434,http://iwase-turigu.com/,https://tsurispot.com/shops/iwase-tsurigu-katsuura
上州屋 浦安店,千葉県,浦安・市川,千葉県市川市新井3-16-20 サンパール北浜1F,047-399-9668,https://www.johshuya.co.jp/,https://tsurispot.com/shops/joshuya-urayasu
上州屋 東船橋店,千葉県,船橋,千葉県船橋市駿河台1-33-5,047-423-1130,https://www.johshuya.co.jp/,https://tsurispot.com/shops/joshuya-higashi-funabashi
釣具のポイント 千葉ニュータウン店,千葉県,白井・印西,千葉県白井市桜台1-1-5,047-497-6151,https://www.point-i.jp/,https://tsurispot.com/shops/point-chiba-newtown
タックルベリー 習志野店,千葉県,習志野,千葉県習志野市藤崎6-15-10,047-473-7070,https://www.tackleberry.co.jp/,https://tsurispot.com/shops/tackleberry-narashino
上州屋 新千葉美浜店,千葉県,千葉市美浜区,千葉県千葉市美浜区幸町2-24-38,043-302-5505,https://www.johshuya.co.jp/,https://tsurispot.com/shops/joshuya-shin-chiba-mihama
つり具のブンブン 柏店,千葉県,柏,千葉県柏市風早1-6-7,04-7160-8101,https://bunbun-fishing.com/,https://tsurispot.com/shops/bunbun-kashiwa
釣具のポイント 千葉蘇我店,千葉県,千葉市中央区,千葉県千葉市中央区川崎町1-34 GLOBO内,043-209-5811,https://www.point-i.jp/,https://tsurispot.com/shops/point-chiba-soga
上州屋 袖ヶ浦店,千葉県,袖ケ浦市,千葉県袖ケ浦市神納1-4-2,0438-60-3322,https://www.johshuya.co.jp/,https://tsurispot.com/shops/joshuya-sodegaura
上州屋 津田沼店,千葉県,習志野市,千葉県習志野市津田沼4-8-2,047-470-0481,https://www.johshuya.co.jp/,https://tsurispot.com/shops/joshuya-tsudanuma
上州屋 柏店,千葉県,柏市,千葉県柏市豊住2-2-43,04-7170-5181,https://www.johshuya.co.jp/,https://tsurispot.com/shops/joshuya-kashiwa
伊勢吉,大阪府,大阪市南部,大阪府大阪市住之江区南加賀屋4-11-11,06-6681-6005,http://www.isekichi.jp/,https://tsurispot.com/shops/isekichi
フィッシングTポート南港店,大阪府,大阪市南部,大阪府大阪市住之江区平林北2-7-127,06-6683-7757,https://t-port.com/shopinfo_nanko/,https://tsurispot.com/shops/t-port-nanko
ヤザワ渡船,大阪府,大阪港,大阪府大阪市港区八幡屋1-9-24,06-6573-7712,https://yazawatosen.com/,https://tsurispot.com/shops/yazawa-tosen
フィッシングジャンプ,大阪府,大阪市北部,大阪府大阪市東淀川区豊新4-10-19,06-6327-5331,http://www.fishingjump.com/,https://tsurispot.com/shops/fishing-jump
松岡釣具 へら専門店,大阪府,大阪市中央部,大阪府大阪市西区新町2-3-13,06-6531-3870,https://www.mfc-hera.jp/,https://tsurispot.com/shops/matsuoka-hera
ビギナーズマム,大阪府,大阪市北部,大阪府大阪市北区西天満3-14-9 第3三貴ビル2階,06-6362-6880,https://club-beginners.com/,https://tsurispot.com/shops/beginners-mam
フィッシング叶,大阪府,天王寺,大阪府大阪市天王寺区上汐4-5-22,06-6772-4052,https://lureproshop.com/,https://tsurispot.com/shops/fishing-kanou
大阪屋 へらぶな釣具専門店,大阪府,大阪市南部,大阪府大阪市住吉区上住吉1-2-8,06-6672-1040,https://www.hera-osakaya.net/,https://tsurispot.com/shops/osakaya-hera
みよし釣具店,大阪府,北摂,大阪府高槻市寿町3-33-21,072-695-1424,https://344tsurigu.com/,https://tsurispot.com/shops/miyoshi-tsurigu
サンライズ豊中店,大阪府,北摂,大阪府豊中市小曽根4-27-11,06-6334-1560,https://www.fishing-sunrise.co.jp/?page_id=27,https://tsurispot.com/shops/sunrise-toyonaka
サンライズ高槻店,大阪府,北摂,大阪府高槻市芝生町4-2-1,072-678-1185,https://www.fishing-sunrise.co.jp/?page_id=33,https://tsurispot.com/shops/sunrise-takatsuki
フィッシングTポート貝塚店,大阪府,泉州,大阪府貝塚市脇浜4-34-14,072-430-1091,https://t-port.com/shopinfo_kaizuka/,https://tsurispot.com/shops/t-port-kaizuka
フィッシングマックス 南津守店,大阪府,大阪市,大阪府大阪市西成区南津守5-5-3,06-6626-4141,https://fishingmax.co.jp/,https://tsurispot.com/shops/fishingmax-minami-tsumori
フィッシングマックス 泉大津店,大阪府,泉州,大阪府泉大津市東港町11-33,0725-22-5151,https://fishingmax.co.jp/,https://tsurispot.com/shops/fishingmax-izumiotsu
フィッシングマックス なんば店,大阪府,大阪市,大阪府大阪市浪速区難波中1-10-4 南海SK難波ビル1F,06-6634-3838,https://fishingmax.co.jp/,https://tsurispot.com/shops/fishingmax-namba
フィッシングエイト 本店,大阪府,大阪市平野区,大阪府大阪市平野区長吉川辺3-1-33,06-6799-0080,https://www.taikobo.net/,https://tsurispot.com/shops/fishing-eight-honten
上州屋 枚方店,大阪府,北河内,大阪府枚方市池之宮3-7-12,072-805-5581,https://www.johshuya.co.jp/,https://tsurispot.com/shops/joshuya-hirakata
上州屋 東大阪店,大阪府,中河内,大阪府東大阪市若江南町3-8-1,06-6723-5581,https://www.johshuya.co.jp/,https://tsurispot.com/shops/joshuya-higashi-osaka
上州屋 岸和田店,大阪府,泉州,大阪府岸和田市下野町2-7-20,072-437-5581,https://www.johshuya.co.jp/,https://tsurispot.com/shops/joshuya-kishiwada
釣具のポイント 堺北花田店,大阪府,堺市,大阪府堺市北区北花田町3-28-1,072-251-3500,https://www.point-i.jp/,https://tsurispot.com/shops/point-sakai-kitahanada
かめや釣具 大分店,大分県,大分市,大分県大分市大字猪野1398-1,097-520-1191,https://kameya-fishing.com/,https://tsurispot.com/shops/kameya-oita
かめや釣具 別府店,大分県,別府,大分県別府市石垣東10-5-1,0977-24-1191,https://kameya-fishing.com/,https://tsurispot.com/shops/kameya-beppu
釣具のポイント 大分店,大分県,大分市,大分県大分市大字猪野1666-1,097-520-8281,https://www.point-i.jp/,https://tsurispot.com/shops/point-oita
かめや釣具 大分萩原店,大分県,大分市,大分県大分市萩原2-2-26,097-556-9141,https://kameya-fishing.com/,https://tsurispot.com/shops/kameya-oita-hagiwara
釣具のポイント 大分高城店,大分県,大分市,大分県大分市原新町18-21,097-558-8791,https://www.point-i.jp/,https://tsurispot.com/shops/point-oita-takajo
まつき釣具店 別府本店,大分県,別府,大分県別府市新港町2-25,0977-22-6025,https://www.matsukinet.com/,https://tsurispot.com/shops/matsuki-tsurigu-beppu
釣具のポイント 大分下郡店,大分県,大分市,大分県大分市下郡1391-1,097-504-8511,https://www.point-i.jp/shops/1333,https://tsurispot.com/shops/point-oita-shimogori
タックルベリー 大分中津店,大分県,中津,大分県中津市是則175-1,0979-27-6012,https://www.tackleberry.co.jp/,https://tsurispot.com/shops/tackleberry-oita-nakatsu
佐世保漁具店,長崎県,佐世保,長崎県佐世保市塩浜町6-1 ヒエダビル1F,0956-24-2212,https://sasebogyogu.com,https://tsurispot.com/shops/sasebo-gyogu
つり具のまるきん 平戸店,長崎県,平戸,長崎県平戸市田平町山内免460-12,0950-57-0316,https://marukin-net.co.jp/,https://tsurispot.com/shops/marukin-hirado
かめや釣具 長崎店,長崎県,長崎市,長崎県長崎市葉山1-6-12,095-856-1191,https://kameya-fishing.com/,https://tsurispot.com/shops/kameya-nagasaki
釣具のポイント 諫早長野店,長崎県,諫早,長崎県諫早市長野町1587,0957-32-8601,https://www.point-i.jp/shops/1268,https://tsurispot.com/shops/point-isahaya-nagano
タックルベリー 諫早店,長崎県,諫早,長崎県諫早市鷲崎町300-1,0957-47-6771,https://www.tackleberry.co.jp/,https://tsurispot.com/shops/tackleberry-isahaya
かめや釣具 諫早店,長崎県,諫早,長崎県諫早市長野町1530-1,0957-21-9141,https://kameya-fishing.com/,https://tsurispot.com/shops/kameya-isahaya
かめや釣具 長崎戸町店,長崎県,長崎市,長崎県長崎市戸町4-10-11,095-878-9141,https://kameya-fishing.com/,https://tsurispot.com/shops/kameya-nagasaki-tomachi
かめや釣具 佐世保大塔店,長崎県,佐世保,長崎県佐世保市大塔町616-87,0956-26-1091,https://kameya-fishing.com/,https://tsurispot.com/shops/kameya-sasebo-daito
釣具のポイント 佐世保店,長崎県,佐世保,長崎県佐世保市大和町978-6,0956-34-0041,https://www.point-i.jp/shops/1271,https://tsurispot.com/shops/point-sasebo
釣具のポイント 長崎女神店,長崎県,長崎市,長崎県長崎市戸町4丁目27-35,095-898-5051,https://www.point-i.jp/shops/1262,https://tsurispot.com/shops/point-nagasaki-megami
フィッシングショップオガワ,長崎県,長崎市南部,長崎県長崎市平山町1096,095-878-1301,https://www.fishing-ogawa.com/,https://tsurispot.com/shops/fishing-ogawa-nagasaki
かめや釣具 長崎時津店,長崎県,時津,長崎県西彼杵郡時津町浜田郷539-2,095-882-9141,https://kameya-fishing.com/,https://tsurispot.com/shops/kameya-nagasaki-togitsu
かめや釣具 長崎諫早店,長崎県,諫早,長崎県諫早市貝津町997-3,0957-21-9141,https://kameya-fishing.com/,https://tsurispot.com/shops/kameya-nagasaki-isahaya
釣具のポイント 長崎新地店,長崎県,長崎市,長崎県長崎市新地町6-4,095-824-6041,https://www.point-i.jp/,https://tsurispot.com/shops/point-nagasaki-shinchi
上州屋 長野川中島店,長野県,長野市,長野県長野市川中島町御厨856-1,026-284-4455,https://www.johshuya.co.jp/,https://tsurispot.com/shops/joshuya-nagano-kawanakajima
上州屋 松本インター店,長野県,松本,長野県松本市島立304-7,0263-48-1247,https://www.johshuya.co.jp/shop/top.php?s=144,https://tsurispot.com/shops/joshuya-matsumoto-inter
上州屋 岡谷店,長野県,諏訪・岡谷,長野県岡谷市長地権現町3-2-8,0266-27-3400,https://www.johshuya.co.jp/shop/top.php?s=173,https://tsurispot.com/shops/joshuya-okaya
上州屋 佐久店,長野県,佐久,長野県佐久市岩村田351,0267-68-6024,https://www.johshuya.co.jp/shop/top.php?s=154,https://tsurispot.com/shops/joshuya-saku
上州屋 長野店,長野県,長野市,長野県長野市稲田1-19-8,026-241-5615,https://www.johshuya.co.jp/shop/top.php?s=50,https://tsurispot.com/shops/joshuya-nagano
VANVAN 上田店,長野県,上田,長野県上田市上田1776-2,0268-21-1816,https://od-vanvan.com/shop-ueda/,https://tsurispot.com/shops/vanvan-ueda
VANVAN 松本店,長野県,松本,長野県松本市村井町南2-20-17,0263-86-0151,https://od-vanvan.com/,https://tsurispot.com/shops/vanvan-matsumoto
かめや釣具 鳥取店,鳥取県,鳥取市,鳥取県鳥取市安長205-1,0857-50-1191,https://kameya-fishing.com/,https://tsurispot.com/shops/kameya-tottori
かめや釣具 米子店,鳥取県,米子,鳥取県米子市東福原8-26-28,0859-37-6600,https://kameya-fishing.com/,https://tsurispot.com/shops/kameya-yonago
釣具のポイント 米子皆生店,鳥取県,米子,鳥取県米子市皆生5-7-11,0859-22-1151,https://www.point-i.jp/shops/1382,https://tsurispot.com/shops/point-yonago-kaike
釣具のポイント 鳥取湖山店,鳥取県,鳥取市,鳥取県鳥取市湖山町東4丁目27,0857-38-3041,https://www.point-i.jp/,https://tsurispot.com/shops/point-tottori-koyama
かめや釣具 松江店,島根県,松江,島根県松江市学園南2-1-8,0852-24-1191,https://kameya-fishing.com/,https://tsurispot.com/shops/kameya-matsue
かめや釣具 出雲店,島根県,出雲,島根県出雲市渡橋町1085-1,0853-20-1191,https://kameya-fishing.com/,https://tsurispot.com/shops/kameya-izumo
アングル 浜田店,島根県,浜田,島根県浜田市竹迫町2545,0855-23-8855,https://www.e-angle.co.jp/shoplocation/a_hamada/,https://tsurispot.com/shops/angle-hamada
かめや釣具 浜田店,島根県,浜田,島根県浜田市竹迫町2566-1,0855-22-1191,https://kameya-fishing.com/,https://tsurispot.com/shops/kameya-hamada
釣具のポイント 松江学園南店,島根県,松江,島根県松江市学園南1-19-1,0852-28-2041,https://www.point-i.jp/,https://tsurispot.com/shops/point-matsue-gakuen
かめや釣具 益田店,島根県,益田,島根県益田市常盤町8-13,0856-23-1191,https://kameya-fishing.com/,https://tsurispot.com/shops/kameya-masuda
キャスティング 足立環七店,東京都,足立区,東京都足立区島根1-8-3,03-5831-0860,https://castingnet.jp/,https://tsurispot.com/shops/casting-adachi-kanshichi
キャスティング 日本橋店,東京都,中央区,東京都中央区日本橋本町3-3-6,03-3516-0930,https://castingnet.jp/,https://tsurispot.com/shops/casting-nihonbashi
タックルベリー 蒲田店,東京都,大田区,東京都大田区蒲田5-29-3 酒巻ビル1F,03-5744-3319,https://www.tackleberry.co.jp/,https://tsurispot.com/shops/tackleberry-kamata
キャスティング 府中店,東京都,府中,東京都府中市若松町1-28-3,042-352-3312,https://castingnet.jp/,https://tsurispot.com/shops/casting-fuchu
上州屋 蒲田店,東京都,大田区,東京都大田区蒲田4-42-3 イースタンコーポ蒲田1F,03-3738-2960,https://www.johshuya.co.jp/,https://tsurispot.com/shops/joshuya-kamata
タックルベリー 門前仲町永代通り店,東京都,江東区,東京都江東区富岡1-7-7,03-5875-9210,https://www.tackleberry.co.jp/,https://tsurispot.com/shops/tackleberry-monzennakacho
タックルベリー 葛西店,東京都,江戸川区,東京都江戸川区南葛西2-2-3,03-5878-3430,https://www.tackleberry.co.jp/,https://tsurispot.com/shops/tackleberry-kasai
タックルベリー 葛飾青戸店,東京都,葛飾区,東京都葛飾区白鳥2-14-12 白鳥サンケイコーポ1F,03-5650-3084,https://www.tackleberry.co.jp/,https://tsurispot.com/shops/tackleberry-katsushika-aoto
上州屋 町田店,東京都,町田市,東京都町田市鶴間3-10-3,042-796-0481,https://www.johshuya.co.jp/,https://tsurispot.com/shops/joshuya-machida
上州屋 練馬光が丘店,東京都,練馬区,東京都練馬区高松5-12-1,03-3995-2855,https://www.johshuya.co.jp/,https://tsurispot.com/shops/joshuya-nerima-hikarigaoka
タックルベリー きぬた世田谷通り店,東京都,世田谷区,東京都世田谷区砧5-1-4 メゾンドール2F,03-5727-9188,https://www.tackleberry.co.jp/,https://tsurispot.com/shops/tackleberry-kinuta-setagaya
上州屋 東陽町店,東京都,江東区,東京都江東区東陽7-5-4,03-5632-1152,https://www.johshuya.co.jp/,https://tsurispot.com/shops/joshuya-toyocho
キャスティング 東久留米店,東京都,小平市,東京都小平市花小金井3-34-26,042-470-3230,https://castingnet.jp/,https://tsurispot.com/shops/casting-higashikurume
かめや釣具 徳島店,徳島県,徳島市,徳島県徳島市川内町加賀須野463-6,088-665-1191,https://kameya-fishing.com/,https://tsurispot.com/shops/kameya-tokushima
釣具のポイント 徳島藍住店,徳島県,藍住・板野,徳島県板野郡藍住町奥野字矢上前24-1,088-693-0041,https://www.point-i.jp/,https://tsurispot.com/shops/point-tokushima-aizumi
かめや釣具 徳島阿南店,徳島県,阿南,徳島県阿南市日開野町西居内456-1,0884-24-1191,https://kameya-fishing.com/,https://tsurispot.com/shops/kameya-tokushima-anan
釣具のポイント 徳島阿南店,徳島県,阿南,徳島県阿南市日開野町大西152-3,0884-23-8041,https://www.point-i.jp/,https://tsurispot.com/shops/point-tokushima-anan
上州屋 宇都宮店,栃木県,宇都宮,栃木県宇都宮市元今泉4-19-1,028-635-8944,https://www.johshuya.co.jp/,https://tsurispot.com/shops/joshuya-utsunomiya
上州屋 鹿沼店,栃木県,鹿沼,栃木県鹿沼市西茂呂4-45-6,0289-63-5171,https://www.johshuya.co.jp/,https://tsurispot.com/shops/joshuya-kanuma
タックルベリー 小山店,栃木県,小山市,栃木県小山市西城南3-12-9,0285-31-3322,https://www.tackleberry.co.jp/,https://tsurispot.com/shops/tackleberry-oyama
プロショップオオツカ 宇都宮店,栃木県,宇都宮市,栃木県宇都宮市元今泉5-1-12,028-661-0585,https://www.fishing-otsuka.co.jp/,https://tsurispot.com/shops/proshop-otsuka-utsunomiya
タックルベリー 宇都宮店,栃木県,宇都宮市,栃木県宇都宮市台新田町159-1 ベルプラザHI 1F-A,028-684-0836,https://www.tackleberry.co.jp/,https://tsurispot.com/shops/tackleberry-utsunomiya
上州屋 足利店,栃木県,足利市,栃木県足利市福富町1098,0284-73-0785,https://www.johshuya.co.jp/,https://tsurispot.com/shops/joshuya-ashikaga
タックルベリー 奈良南店,奈良県,奈良市,奈良県奈良市西九条町3-11-16,0742-64-7007,https://www.tackleberry.co.jp/,https://tsurispot.com/shops/tackleberry-nara-minami
タックルベリー 奈良橿原店,奈良県,橿原市,奈良県橿原市土橋町189-1,0744-24-8788,https://www.tackleberry.co.jp/,https://tsurispot.com/shops/tackleberry-nara-kashihara
フィッシャーズ 富山店,富山県,富山市,富山県富山市掛尾町394番1,076-461-6901,https://www.fishers.co.jp/shopguide/shop_toyama.html,https://tsurispot.com/shops/fishers-toyama
矢田釣具店,富山県,氷見,富山県氷見市朝日丘11-18,0766-72-0737,http://www.yatatsuri.com/,https://tsurispot.com/shops/yata-tsurigu-himi
上州屋 富山掛尾店,富山県,富山市,富山県富山市掛尾町500,076-491-4000,https://www.johshuya.co.jp/,https://tsurispot.com/shops/joshuya-toyama-kakeo
フィッシャーズ 高岡店,富山県,高岡,富山県高岡市下関1-5,0766-25-7770,https://www.fishers.co.jp/,https://tsurispot.com/shops/fishers-takaoka
上州屋 新福井店,福井県,福井市,福井県福井市開発4-311,0776-54-7663,https://www.johshuya.co.jp/shop/top.php?s=60,https://tsurispot.com/shops/joshuya-shin-fukui
上州屋 新敦賀店,福井県,敦賀・若狭,福井県敦賀市木崎12-6-1,0770-21-2750,https://www.johshuya.co.jp/,https://tsurispot.com/shops/joshuya-shin-tsuruga
ビック釣具店,福井県,小浜・若狭,福井県小浜市湯岡17-25-1,0770-52-3429,https://wakasa-vic.co.jp/,https://tsurispot.com/shops/vic-tsurigu-obama
マーメイドつり具,福井県,小浜,福井県小浜市小浜広峰58,0770-53-2726,http://www.mermaid-fishing.com/,https://tsurispot.com/shops/mermaid-tsurigu-obama
つりエサスーパー越前,福井県,敦賀,福井県敦賀市赤崎36-16-2,0770-36-1142,https://turiesa.jp/,https://tsurispot.com/shops/tsuriesa-super-echizen
上州屋 武生店,福井県,越前・丹南,福井県越前市村国1-6-1,0778-22-8700,https://www.johshuya.co.jp/,https://tsurispot.com/shops/joshuya-takefu
かめや釣具 福岡東店,福岡県,福岡市,福岡県福岡市東区多の津4-17-1,092-621-1191,https://kameya-fishing.com/,https://tsurispot.com/shops/kameya-fukuoka-higashi
かめや釣具 小倉店,福岡県,北九州市,福岡県北九州市小倉南区沼本町1-1-20,093-952-1191,https://kameya-fishing.com/,https://tsurispot.com/shops/kameya-kokura
つり具のまるきん 糸島店,福岡県,糸島,福岡県糸島市二丈深江973-1,092-325-8088,https://marukin-net.co.jp/,https://tsurispot.com/shops/marukin-itoshima
釣具のキャスティング 福岡店,福岡県,福岡市,福岡県春日市春日公園3-27,092-589-3655,https://castingnet.jp/,https://tsurispot.com/shops/casting-fukuoka
釣具のポイント 久留米津福バイパス店,福岡県,久留米,福岡県久留米市津福今町598-9,0942-35-1321,https://www.point-i.jp/shops/1284,https://tsurispot.com/shops/point-kurume-tsufuku
タックルベリー 久留米店,福岡県,久留米,福岡県久留米市上津町2228-155,0942-22-3715,https://www.tackleberry.co.jp/,https://tsurispot.com/shops/tackleberry-kurume
釣り具のヨコオ 久留米店,福岡県,久留米,福岡県久留米市東櫛原町293-1,0942-39-5811,http://tsurigu-yokoo.com/,https://tsurispot.com/shops/yokoo-tsurigu-kurume
かめや釣具 久留米店,福岡県,久留米,福岡県久留米市山川沓形町3-15,0942-44-1191,https://kameya-fishing.com/,https://tsurispot.com/shops/kameya-kurume
釣具のポイント 行橋苅田店,福岡県,行橋・苅田,福岡県京都郡苅田町大字与原835-1,093-436-2277,https://www.point-i.jp/,https://tsurispot.com/shops/point-yukuhashi-kanda
かめや釣具 飯塚店,福岡県,飯塚,福岡県飯塚市枝国446-1,0948-22-1191,https://kameya-fishing.com/,https://tsurispot.com/shops/kameya-iizuka
釣具のポイント 博多千代店,福岡県,福岡市,福岡県福岡市博多区千代5丁目18-6,092-633-2277,https://www.point-i.jp/,https://tsurispot.com/shops/point-hakata-chiyomachi
キャスティング いわき鹿島店,福島県,いわき,福島県いわき市鹿島町走熊字小神山18-7,0246-46-0023,https://castingnet.jp/,https://tsurispot.com/shops/casting-iwaki-kashima
つりエサ豊漁,福島県,相馬,福島県相馬市原釜大津100-50,0244-38-8270,https://zekkouchou.com/tsuriesa-houryo/,https://tsurispot.com/shops/tsuri-esa-houryo-soma
上州屋 会津若松店,福島県,会津若松,福島県会津若松市中央3-1-16,0242-38-3711,https://www.johshuya.co.jp/shop/top.php?s=120,https://tsurispot.com/shops/joshuya-aizuwakamatsu
上州屋 郡山安積店,福島県,郡山,福島県郡山市安積荒井2-183,024-947-3302,https://www.johshuya.co.jp/shop/top.php?s=196,https://tsurispot.com/shops/joshuya-koriyama-asaka
アングラーズプラザ岸波 郡山インター店,福島県,郡山,福島県郡山市喜久田町字菖蒲池22-591,024-959-5211,https://kishinami.jp/,https://tsurispot.com/shops/kishinami-koriyama-inter
上州屋 福島店,福島県,福島市,福島県福島市南矢野目字清水前6-1,024-555-0361,https://www.johshuya.co.jp/,https://tsurispot.com/shops/joshuya-fukushima
上州屋 いわき平店,福島県,いわき,福島県いわき市平谷川瀬字泉町28,0246-25-6061,https://www.johshuya.co.jp/,https://tsurispot.com/shops/joshuya-iwaki-taira
上州屋 白河店,福島県,白河,福島県白河市新白河1-104,0248-24-0061,https://www.johshuya.co.jp/,https://tsurispot.com/shops/joshuya-shirakawa
尼エサ本店,兵庫県,阪神,〒660-0874 兵庫県尼崎市西本町6-29-6,06-6412-3437,https://ama-esa.com/,https://tsurispot.com/shops/ama-esa-honten
つりえさのサワムラ,兵庫県,阪神,〒660-0077 兵庫県尼崎市大庄西町3-12-5,06-6418-1455,https://www.esa-sawamura.com/,https://tsurispot.com/shops/tsuriesa-sawamura
エサ光 須磨本店,兵庫県,神戸・須磨,〒654-0041 兵庫県神戸市須磨区古川町4-5-8,078-734-3260,https://esamitsu.co.jp/main/,https://tsurispot.com/shops/esamitsu-suma-honten
つりぐ阪田,兵庫県,明石,〒673-0886 兵庫県明石市東仲の町11-27,078-911-4700,http://turigu-sakata-webshop.com/,https://tsurispot.com/shops/tsurigu-sakata
かんさいベイト,兵庫県,明石,兵庫県明石市二見町東二見541-1,078-920-9414,https://kansaibait.wixsite.com/mysite,https://tsurispot.com/shops/kansai-bait
フィッシングセンターえばし,兵庫県,播磨,〒671-1136 兵庫県姫路市大津区恵美酒町2-110-5,079-239-8184,https://setouchimaru.wixsite.com/setouchimaru,https://tsurispot.com/shops/fishing-center-ebashi
みき釣具店,兵庫県,播磨,〒671-1241 兵庫県姫路市網干区興浜1364-3,079-272-4671,https://miki.ocnk.net/,https://tsurispot.com/shops/miki-tsurigu-aboshi
エサピチ,兵庫県,淡路島,〒656-2401 兵庫県淡路市岩屋2942-30,0799-72-0019,http://www.esapichi.com/,https://tsurispot.com/shops/esapichi
フィッシングショップかもめ,兵庫県,淡路島,〒656-2304 兵庫県淡路市浜1-67,0799-74-4811,https://fskamome.amebaownd.com/,https://tsurispot.com/shops/fishing-shop-kamome
吉田釣具店,兵庫県,淡路島,〒656-0025 兵庫県洲本市本町1-1-22,0799-22-2317,https://yoshidatsurigu.net/,https://tsurispot.com/shops/yoshida-tsurigu-sumoto
岡本釣具店,兵庫県,但馬,兵庫県美方郡香美町香住区七日市368-7,0796-36-0368,https://www.okamoto-tsurigu.com/,https://tsurispot.com/shops/okamoto-tsurigu-kasumi
フィッシングマックス 武庫川店,兵庫県,阪神,兵庫県尼崎市元浜町5-1,06-6411-4848,https://fishingmax.co.jp/,https://tsurispot.com/shops/fishingmax-mukogawa
フィッシングマックス 垂水店,兵庫県,垂水,兵庫県神戸市垂水区塩屋町1-6-20,078-751-2345,https://fishingmax.co.jp/,https://tsurispot.com/shops/fishingmax-tarumi
フィッシングマックス 芦屋店,兵庫県,阪神,兵庫県芦屋市平田町1-41,0797-34-1041,https://fishingmax.co.jp/,https://tsurispot.com/shops/fishingmax-ashiya
フィッシングマックス 神戸ハーバー店,兵庫県,神戸,兵庫県神戸市兵庫区西出町2-3-11,078-682-3838,https://fishingmax.co.jp/,https://tsurispot.com/shops/fishingmax-kobe-harbor
上州屋 姫路花田店,兵庫県,姫路,兵庫県姫路市花田町一本松24-1,079-253-5581,https://www.johshuya.co.jp/,https://tsurispot.com/shops/joshuya-himeji-hanada
上州屋 三田店,兵庫県,三田市,兵庫県三田市すずかけ台2-3-1,079-564-7711,https://www.johshuya.co.jp/,https://tsurispot.com/shops/joshuya-sanda
上州屋 明石大久保店,兵庫県,明石,兵庫県明石市大久保町ゆりのき通2-3-1,078-935-5581,https://www.johshuya.co.jp/,https://tsurispot.com/shops/joshuya-akashi-okubo
フィッシュランド 手稲店,北海道,札幌・手稲,北海道札幌市手稲区富丘2条6丁目4-3,011-685-2020,https://fishland.jp/shop/teine/,https://tsurispot.com/shops/fishland-teine
フィッシュランド 美しが丘店,北海道,札幌・清田,北海道札幌市清田区美しが丘1条8丁目1-20,011-889-2388,https://fishland.jp/shop/utsukushi/,https://tsurispot.com/shops/fishland-utsukushigaoka
フィッシュランド 環状通北郷店,北海道,札幌・白石,北海道札幌市白石区北郷3条1丁目,011-874-6131,https://fishland.jp/,https://tsurispot.com/shops/fishland-kanjo-kitago
つり具センター 伏古店,北海道,札幌・東区,北海道札幌市東区伏古14条5丁目1-30,011-768-7763,https://turigu.ne.jp/,https://tsurispot.com/shops/turigu-center-fushiko
つり具センター 小樽店,北海道,小樽,北海道小樽市稲穂4-4-13,0134-27-3868,https://turigu.ne.jp/,https://tsurispot.com/shops/turigu-center-otaru
フィッシュランド 函館西桔梗店,北海道,函館,北海道函館市西桔梗町589-12,0138-49-7979,https://fishland.jp/shop/hakodate/,https://tsurispot.com/shops/fishland-hakodate-nishikikyo
つり具センター 苫小牧店,北海道,苫小牧,北海道苫小牧市若草町1丁目5-3,0144-36-0097,https://turigu.ne.jp/,https://tsurispot.com/shops/turigu-center-tomakomai
つり具の釣人,北海道,釧路,北海道釧路市新橋大通4-2-1,0154-24-4181,https://tsuribito.ocnk.net/,https://tsurispot.com/shops/tsurigu-no-tsuribito-kushiro
つり具センター 旭川店,北海道,旭川,北海道旭川市忠和4条6丁目5-18,0166-61-0303,https://turigu.ne.jp/,https://tsurispot.com/shops/turigu-center-asahikawa
フィッシュランド 室蘭店,北海道,室蘭,北海道室蘭市中島本町1-8-12,0143-44-3377,https://fishland.jp/,https://tsurispot.com/shops/fishland-muroran
フィッシュランド 帯広店,北海道,帯広,北海道帯広市西19条南4丁目26-1,0155-36-7979,https://fishland.jp/,https://tsurispot.com/shops/fishland-obihiro
フィッシュランド 千歳店,北海道,千歳,北海道千歳市北栄2丁目2-5,0123-27-5858,https://fishland.jp/,https://tsurispot.com/shops/fishland-chitose
つり具センター 岩見沢店,北海道,岩見沢,北海道岩見沢市大和4条8丁目1,0126-24-7770,https://turigu.ne.jp/,https://tsurispot.com/shops/turigu-center-iwamizawa
フィッシュランド 北見店,北海道,北見,北海道北見市北進町3丁目1-1,0157-26-4848,https://fishland.jp/,https://tsurispot.com/shops/fishland-kitami
フィッシュランド 稚内店,北海道,稚内,北海道稚内市潮見1丁目3-21,0162-32-3939,https://fishland.jp/,https://tsurispot.com/shops/fishland-wakkanai
つり具のマルニシ 和歌山インター店,和歌山県,和歌山市,和歌山県和歌山市栗柄711-1,073-476-0024,https://f-marunishi.com/,https://tsurispot.com/shops/marunishi-wakayama-inter
つり具のマルニシ 本店,和歌山県,和歌山市,和歌山県和歌山市湊3001,073-432-3649,https://f-marunishi.com/,https://tsurispot.com/shops/marunishi-honten
つり具のマルニシ 和歌山バイパス店,和歌山県,和歌山市,和歌山県和歌山市楠本250,073-464-0024,https://f-marunishi.com/,https://tsurispot.com/shops/marunishi-wakayama-bypass
フィッシングマックス 和歌山インター店,和歌山県,和歌山市,和歌山県和歌山市秋月318,073-473-5858,https://fishingmax.co.jp/,https://tsurispot.com/shops/fishingmax-wakayama-inter
フィッシングクリモト,和歌山県,和歌山市,和歌山県和歌山市関戸5-2-45,073-444-2722,https://f-kurimoto.com/,https://tsurispot.com/shops/fishing-kurimoto
ハナヤ釣具店,愛知県,常滑,愛知県常滑市保示町5丁目1,0569-35-4677,,https://tsurispot.com/shops/hanaya-tsurigu-tokoname
ジャンプワールド 西条店,愛媛県,西条,愛媛県西条市新田141-1,0897-56-6111,,https://tsurispot.com/shops/jumpworld-saijo
フィッシング鹿嶋店,茨城県,鹿嶋,茨城県鹿嶋市大字粟生2634-5,0299-90-7766,,https://tsurispot.com/shops/fishing-kashima
アタック5 波崎店,茨城県,神栖・波崎,茨城県神栖市波崎8555,0479-44-8005,,https://tsurispot.com/shops/attack5-hasaki
日立フィッシングセンター,茨城県,日立,茨城県日立市久慈町1-4-21,,,https://tsurispot.com/shops/hitachi-fishing-center
潮来つり具センター,茨城県,潮来市,茨城県潮来市あやめ1-14-1,0299-63-1864,,https://tsurispot.com/shops/itako-tsurigu-center
釣具のタイム 岡山本店,岡山県,岡山市,岡山県岡山市中区江崎170-7,086-940-7255,,https://tsurispot.com/shops/time-okayama-honten
島つりぐ,沖縄県,石垣島,沖縄県石垣市八島町1-3-7,0980-82-8890,,https://tsurispot.com/shops/shima-tsurigu-ishigaki
マルカノー釣具 大船渡店,岩手県,大船渡,岩手県大船渡市大船渡町字地ノ森27-4,0192-21-5870,,https://tsurispot.com/shops/marukano-tsurigu-ofunato
釣具オヤマ,岩手県,釜石,岩手県釜石市甲子町10-269-3,0193-23-7754,,https://tsurispot.com/shops/tsurigu-oyama-kamaishi
柴釣具商会 内海店,宮崎県,青島・日南,宮崎県宮崎市青島3-1-36,0985-65-1330,,https://tsurispot.com/shops/shiba-tsurigu-uchiumi
オイデ釣具店,宮城県,女川,宮城県牡鹿郡女川町女川2-51,0225-54-2768,,https://tsurispot.com/shops/oide-tsurigu-onagawa
気仙沼河童堂,宮城県,気仙沼,宮城県気仙沼市南町1-3-12,0226-22-0855,,https://tsurispot.com/shops/kesennuma-kappadou
野村釣具店,京都府,京丹後,京都府京丹後市網野町浅茂川201,0772-72-0522,,https://tsurispot.com/shops/nomura-tsurigu
池内釣具店,京都府,久美浜,京都府京丹後市久美浜町湊宮1701-6,0772-83-0003,,https://tsurispot.com/shops/ikeuchi-tsurigu
塩屋つり具店,京都府,丹後,京都府京丹後市丹後町間人2024,0772-75-2734,,https://tsurispot.com/shops/shioya-tsurigu
清水屋釣具店,京都府,京丹後,京都府京丹後市大宮町口大野5-3,0772-64-2267,,https://tsurispot.com/shops/shimizuya-tsurigu
京都舞鶴 黒鯛釣具,京都府,舞鶴,京都府舞鶴市田園町1-1,0773-66-3319,,https://tsurispot.com/shops/maizuru-kurodai-tsurigu
ジャンプワールド 丸亀店,香川県,丸亀,香川県丸亀市山北町21番地,0877-22-5100,,https://tsurispot.com/shops/jumpworld-marugame
自然満喫屋 米沢店,山形県,米沢,山形県米沢市中央7-4-6,0238-24-6651,,https://tsurispot.com/shops/shizenmankitsunya-yonezawa
いけだ釣具店,山口県,萩,山口県萩市大字椿東字明治3412-13,0838-22-1718,,https://tsurispot.com/shops/ikeda-tsurigu-hagi
内海漁具,山口県,柳井,山口県柳井市柳井3060-2,0820-22-1063,,https://tsurispot.com/shops/uchiumi-gyogu-yanai
ナチュラルフィールド 河口湖店,山梨県,河口湖,山梨県南都留郡富士河口湖町小立8017-1,0555-83-2727,,https://tsurispot.com/shops/natural-field-kawaguchiko
南海釣具店,鹿児島県,鹿児島市,鹿児島県鹿児島市天保山町22-4,099-255-1060,,https://tsurispot.com/shops/nankai-tsurigu-kagoshima
ビッグフィッシング,鹿児島県,奄美大島,鹿児島県奄美市名瀬長浜町26-1,0997-52-0430,,https://tsurispot.com/shops/big-fishing-amami
つりショップ海風,秋田県,男鹿,秋田県男鹿市船川港船川字新浜町1-16,0185-24-3637,,https://tsurispot.com/shops/tsuri-shop-kaifuu-oga
横須賀釣餌センター,神奈川県,横須賀,神奈川県横須賀市衣笠町46-9,046-835-4365,,https://tsurispot.com/shops/yokosuka-tsurieri-center
つり具 タックル,神奈川県,横須賀,神奈川県横須賀市佐原1-15-3,046-835-0312,,https://tsurispot.com/shops/tsurigu-tackle-yokosuka
シーサイド三浦,神奈川県,三浦半島,神奈川県横須賀市長井1-12-8,046-857-2863,,https://tsurispot.com/shops/seaside-miura
三浦フィッシングセンター,神奈川県,三浦,神奈川県三浦市初声町和田2455-1,046-888-3353,,https://tsurispot.com/shops/miura-fishing-center
湘南大磯すずき釣具店,神奈川県,大磯,神奈川県中郡大磯町大磯1373,0463-61-1302,,https://tsurispot.com/shops/suzuki-tsurigu-oiso
あおき釣具店,神奈川県,真鶴,神奈川県足柄下郡真鶴町真鶴383-6,0465-68-3001,,https://tsurispot.com/shops/aoki-tsurigu-manazuru
アークス根岸店,神奈川県,横浜市中区,神奈川県横浜市中区根府川1-1,045-624-4168,,https://tsurispot.com/shops/arcs-negishi
SEA WOLF,神奈川県,横浜市中区,神奈川県横浜市中区錦町16,045-624-4887,,https://tsurispot.com/shops/sea-wolf-yokohama
まべち釣具店,青森県,八戸,青森県八戸市下長8-2-38,0178-28-5454,,https://tsurispot.com/shops/mabechi-tsurigu-hachinohe
イクタ釣具店,青森県,五所川原,青森県五所川原市大字唐笠柳字藤巻359-5,0173-34-5611,,https://tsurispot.com/shops/ikuta-tsurigu-tsugaru
浜岡釣具,静岡県,御前崎,静岡県御前崎市池新田3811-6,0537-25-6455,,https://tsurispot.com/shops/hamaoka-tsurigu-omaezaki
森田釣具店,静岡県,南伊豆・下田,静岡県下田市1丁目13-2,0558-22-3273,,https://tsurispot.com/shops/morita-tsurigu-shimoda
サカタ釣具店,静岡県,下田,静岡県下田市3丁目10-1,0558-23-2434,,https://tsurispot.com/shops/sakata-tsurigu-shimoda
市原フィッシングセンター,千葉県,市原,千葉県市原市八幡北町2-3-1,0436-41-6300,,https://tsurispot.com/shops/ichihara-fishing-center
第一フィッシング 市原店,千葉県,市原,千葉県市原市五井海岸1911-14,0436-23-5773,,https://tsurispot.com/shops/daiichi-fishing-ichihara
マリンスポット釣吉,千葉県,南房総,千葉県南房総市富浦町福澤869-1,0470-33-2880,,https://tsurispot.com/shops/marine-spot-tsurikichi
黒生つりエサセンター,千葉県,銚子,千葉県銚子市黒生町7252-1,0479-23-5630,,https://tsurispot.com/shops/kuroi-tsuriesa-choshi
アタック5 銚子芦崎店,千葉県,銚子,千葉県銚子市芦崎町455,0479-30-1352,,https://tsurispot.com/shops/attack5-choshi-ashizaki
杉釣つりエサ店,千葉県,勝浦,千葉県勝浦市墨名706-5,0470-73-7033,,https://tsurispot.com/shops/sugi-tsuriesa-katsuura
プロショップ柴田釣具店,大阪府,北河内,大阪府門真市下馬伏町9-18,072-813-4255,,https://tsurispot.com/shops/shibata-tsurigu
坂井釣具店,大阪府,泉州,大阪府泉佐野市鶴原5-2-12,072-463-3207,,https://tsurispot.com/shops/sakai-tsurigu-izumisano
泉釣具店,大阪府,泉州,大阪府泉佐野市大西1-1-5,072-462-0766,,https://tsurispot.com/shops/izumi-tsurigu-izumisano
泉釣具（泉南市）,大阪府,泉州,大阪府泉南市北野2-2-27,072-484-5400,,https://tsurispot.com/shops/izumi-tsurigu-sennan
ウッドマンルアー,大阪府,泉州,大阪府泉佐野市鶴原4-3-2,072-447-9141,,https://tsurispot.com/shops/woodman-lure
フィッシングTポート 岸和田店,大阪府,泉州,大阪府岸和田市港緑町3-1,072-436-3939,,https://tsurispot.com/shops/tport-kishiwada
サンライズ堺店,大阪府,堺市,大阪府堺市堺区出島海岸通2-3-31,072-244-3344,,https://tsurispot.com/shops/sunrise-sakai
釣具スーパーイヴ 戸次店,大分県,大分市南部,大分県大分市大字中戸次1261-47,097-597-3320,,https://tsurispot.com/shops/eve-tsurigu-hetsugi
松浦つり具 黒崎バイパス店,徳島県,鳴門,徳島県鳴門市撫養町黒崎字松島442,088-686-0301,,https://tsurispot.com/shops/matsuura-tsurigu-kurosaki
くぼつり具センター 氷見店,富山県,氷見,富山県氷見市北大町7-2,0766-72-1162,,https://tsurispot.com/shops/kubo-tsurigu-himi
森永釣具店,富山県,射水・新湊,富山県射水市中央町4-15,0766-82-3280,,https://tsurispot.com/shops/morinaga-tsurigu-imizu
吉田釣具センター,富山県,魚津,富山県魚津市金浦町1-1,0765-24-1778,,https://tsurispot.com/shops/yoshida-tsurigu-uozu
小出釣具店,福井県,敦賀,福井県敦賀市川崎町2-11,0770-22-1685,,https://tsurispot.com/shops/koide-tsurigu-tsuruga
ヨシダ釣具 宗像店,福岡県,宗像,福岡県宗像市稲元3-9-1,0940-36-3960,,https://tsurispot.com/shops/yoshida-tsurigu-munakata
平野釣具店,福島県,いわき・小名浜,福島県いわき市小名浜字辰巳町29-5,0246-53-2336,,https://tsurispot.com/shops/hirano-tsurigu-onahama
尼エサ鳴尾店,兵庫県,阪神,兵庫県西宮市笠屋町13-40,0798-41-7562,,https://tsurispot.com/shops/ama-esa-naruo
武庫川釣具センター,兵庫県,阪神,兵庫県尼崎市武庫川町4-24,06-6416-6147,,https://tsurispot.com/shops/mukogawa-tsurigu-center
天狗,兵庫県,神戸・須磨,〒650-0022 兵庫県神戸市中央区元町通5-2-18,078-361-2855,,https://tsurispot.com/shops/tengu-kobe
吉川釣具店,兵庫県,神戸・須磨,〒654-0055 兵庫県神戸市須磨区須磨浦通4-3-4,078-734-7834,,https://tsurispot.com/shops/yoshikawa-tsurigu
明石つりエサセンター,兵庫県,明石,〒673-0883 兵庫県明石市中崎2-1-12,0120-129-796,,https://tsurispot.com/shops/akashi-tsuriesa-center
桜井つりえさセンター,兵庫県,明石,兵庫県明石市林崎町2-8-15,078-922-6777,,https://tsurispot.com/shops/sakurai-tsuriesa-center
神足釣具店,兵庫県,明石,兵庫県明石市林崎町2-2-9,078-923-6289,,https://tsurispot.com/shops/kozoku-tsurigu
曽根釣えさセンター,兵庫県,播磨,〒676-0082 兵庫県高砂市曽根町1827-1,079-448-8141,,https://tsurispot.com/shops/sone-tsuriesa-center
せとうち釣具,兵庫県,播磨,〒672-8021 兵庫県姫路市白浜町宇佐崎中1-115,079-246-0318,,https://tsurispot.com/shops/setouchi-tsurigu
吉美つりエサ,兵庫県,播磨,〒671-1133 兵庫県姫路市大津区吉美210-3,079-274-2777,,https://tsurispot.com/shops/yoshimi-tsuriesa
ルアーショッププロセス,兵庫県,淡路島,〒656-2401 兵庫県淡路市岩屋1511,0799-73-6699,,https://tsurispot.com/shops/lure-shop-process
アラヤ釣具店,兵庫県,淡路島,〒656-2331 兵庫県淡路市仮屋192-1,0799-74-5018,,https://tsurispot.com/shops/araya-tsurigu
Newシーバイト,兵庫県,淡路島,〒656-2131 兵庫県淡路市志筑3523-2,0799-62-3523,,https://tsurispot.com/shops/new-sea-bite
志智釣具店,兵庫県,淡路島,〒656-1511 兵庫県淡路市郡家2827,0799-85-0815,,https://tsurispot.com/shops/shichi-tsurigu
富島釣具センター,兵庫県,淡路島,兵庫県淡路市富島1835,0799-82-0231,,https://tsurispot.com/shops/tomishima-tsurigu-center
山下釣具店,兵庫県,但馬,兵庫県豊岡市千代田町9-7,0796-22-5288,,https://tsurispot.com/shops/yamashita-tsurigu-toyooka
釣ショップデイリー,兵庫県,但馬,兵庫県豊岡市下宮724-4,0796-23-7366,,https://tsurispot.com/shops/tsuri-shop-daily
ウエダ釣具,兵庫県,但馬,兵庫県美方郡香美町香住区七日市40-3,0796-36-1498,,https://tsurispot.com/shops/ueda-tsurigu-kasumi
定平つり具店浜店,兵庫県,但馬,兵庫県美方郡香美町香住区香住1762-1,0796-36-2871,,https://tsurispot.com/shops/sadahira-tsurigu-hamaten
室蘭釣具 海岸店,北海道,室蘭,北海道室蘭市海岸町1-58-7,0143-22-2738,,https://tsurispot.com/shops/muroran-tsurigu-kaigan